institute,gcm,experiment,ensemble,rcm_name,downscale_realisation,variable,institute_rcm
SMHI,MPI-M-MPI-ESM-LR,historical,r2i1p1,RCA4,v1,tasmax,SMHI-RCA4
SMHI,MPI-M-MPI-ESM-LR,historical,r2i1p1,RCA4,v1,tasmin,SMHI-RCA4
SMHI,MPI-M-MPI-ESM-LR,rcp85,r2i1p1,RCA4,v1,tasmin,SMHI-RCA4
SMHI,MPI-M-MPI-ESM-LR,rcp85,r2i1p1,RCA4,v1,tasmax,SMHI-RCA4
SMHI,MPI-M-MPI-ESM-LR,rcp85,r2i1p1,RCA4,v1,tas,SMHI-RCA4
SMHI,MPI-M-MPI-ESM-LR,historical,r2i1p1,RCA4,v1,tas,SMHI-RCA4
SMHI,MPI-M-MPI-ESM-LR,rcp85,r2i1p1,RCA4,v1,pr,SMHI-RCA4
SMHI,MPI-M-MPI-ESM-LR,historical,r2i1p1,RCA4,v1,pr,SMHI-RCA4
SMHI,MPI-M-MPI-ESM-LR,rcp26,r1i1p1,RCA4,v1a,pr,SMHI-RCA4
SMHI,MPI-M-MPI-ESM-LR,rcp26,r1i1p1,RCA4,v1a,tasmax,SMHI-RCA4
SMHI,MPI-M-MPI-ESM-LR,rcp26,r1i1p1,RCA4,v1a,tasmin,SMHI-RCA4
SMHI,MPI-M-MPI-ESM-LR,rcp26,r1i1p1,RCA4,v1a,tas,SMHI-RCA4
SMHI,NCC-NorESM1-M,historical,r1i1p1,RCA4,v1,tasmax,SMHI-RCA4
SMHI,NCC-NorESM1-M,historical,r1i1p1,RCA4,v1,tasmin,SMHI-RCA4
SMHI,NCC-NorESM1-M,historical,r1i1p1,RCA4,v1,tas,SMHI-RCA4
SMHI,ICHEC-EC-EARTH,historical,r3i1p1,RCA4,v1,pr,SMHI-RCA4
SMHI,NCC-NorESM1-M,rcp85,r1i1p1,RCA4,v1,pr,SMHI-RCA4
SMHI,ICHEC-EC-EARTH,historical,r3i1p1,RCA4,v1,tasmax,SMHI-RCA4
SMHI,ICHEC-EC-EARTH,historical,r3i1p1,RCA4,v1,tasmin,SMHI-RCA4
SMHI,ICHEC-EC-EARTH,historical,r3i1p1,RCA4,v1,tas,SMHI-RCA4
SMHI,NCC-NorESM1-M,rcp26,r1i1p1,RCA4,v1,tasmax,SMHI-RCA4
SMHI,NCC-NorESM1-M,rcp26,r1i1p1,RCA4,v1,tasmin,SMHI-RCA4
SMHI,NCC-NorESM1-M,rcp26,r1i1p1,RCA4,v1,tas,SMHI-RCA4
SMHI,NCC-NorESM1-M,rcp85,r1i1p1,RCA4,v1,tasmax,SMHI-RCA4
SMHI,NCC-NorESM1-M,rcp85,r1i1p1,RCA4,v1,tasmin,SMHI-RCA4
SMHI,NCC-NorESM1-M,rcp85,r1i1p1,RCA4,v1,tas,SMHI-RCA4
SMHI,NCC-NorESM1-M,historical,r1i1p1,RCA4,v1,pr,SMHI-RCA4
SMHI,ICHEC-EC-EARTH,rcp85,r3i1p1,RCA4,v1,pr,SMHI-RCA4
SMHI,NCC-NorESM1-M,rcp26,r1i1p1,RCA4,v1,pr,SMHI-RCA4
SMHI,ICHEC-EC-EARTH,rcp85,r3i1p1,RCA4,v1,tasmax,SMHI-RCA4
SMHI,ICHEC-EC-EARTH,rcp85,r3i1p1,RCA4,v1,tasmin,SMHI-RCA4
SMHI,ICHEC-EC-EARTH,rcp85,r3i1p1,RCA4,v1,tas,SMHI-RCA4
SMHI,ICHEC-EC-EARTH,historical,r1i1p1,RCA4,v1,pr,SMHI-RCA4
SMHI,ICHEC-EC-EARTH,rcp85,r1i1p1,RCA4,v1,pr,SMHI-RCA4
SMHI,ICHEC-EC-EARTH,rcp85,r1i1p1,RCA4,v1,tasmax,SMHI-RCA4
SMHI,ICHEC-EC-EARTH,rcp85,r1i1p1,RCA4,v1,tasmin,SMHI-RCA4
SMHI,ICHEC-EC-EARTH,rcp85,r1i1p1,RCA4,v1,tas,SMHI-RCA4
SMHI,ICHEC-EC-EARTH,historical,r1i1p1,RCA4,v1,tasmax,SMHI-RCA4
SMHI,ICHEC-EC-EARTH,historical,r1i1p1,RCA4,v1,tasmin,SMHI-RCA4
SMHI,ICHEC-EC-EARTH,historical,r1i1p1,RCA4,v1,tas,SMHI-RCA4
SMHI,NCC-NorESM1-M,rcp45,r1i1p1,RCA4,v1,tasmin,SMHI-RCA4
SMHI,NCC-NorESM1-M,rcp45,r1i1p1,RCA4,v1,tasmax,SMHI-RCA4
SMHI,NCC-NorESM1-M,rcp45,r1i1p1,RCA4,v1,tas,SMHI-RCA4
SMHI,NCC-NorESM1-M,rcp45,r1i1p1,RCA4,v1,pr,SMHI-RCA4
ICTP,CNRM-CERFACS-CNRM-CM5,rcp85,r1i1p1,RegCM4-6,v2,pr,ICTP-RegCM4-6
ICTP,CNRM-CERFACS-CNRM-CM5,rcp85,r1i1p1,RegCM4-6,v2,tas,ICTP-RegCM4-6
ICTP,CNRM-CERFACS-CNRM-CM5,rcp85,r1i1p1,RegCM4-6,v2,tasmax,ICTP-RegCM4-6
ICTP,CNRM-CERFACS-CNRM-CM5,rcp85,r1i1p1,RegCM4-6,v2,tasmin,ICTP-RegCM4-6
ICTP,NCC-NorESM1-M,historical,r1i1p1,RegCM4-6,v1,tas,ICTP-RegCM4-6
ICTP,NCC-NorESM1-M,historical,r1i1p1,RegCM4-6,v1,tasmax,ICTP-RegCM4-6
ICTP,NCC-NorESM1-M,historical,r1i1p1,RegCM4-6,v1,tasmin,ICTP-RegCM4-6
ICTP,NCC-NorESM1-M,rcp26,r1i1p1,RegCM4-6,v1,pr,ICTP-RegCM4-6
ICTP,NCC-NorESM1-M,rcp26,r1i1p1,RegCM4-6,v1,tas,ICTP-RegCM4-6
ICTP,NCC-NorESM1-M,rcp26,r1i1p1,RegCM4-6,v1,tasmax,ICTP-RegCM4-6
ICTP,NCC-NorESM1-M,rcp26,r1i1p1,RegCM4-6,v1,tasmin,ICTP-RegCM4-6
ICTP,MPI-M-MPI-ESM-LR,historical,r1i1p1,RegCM4-6,v1,pr,ICTP-RegCM4-6
ICTP,MPI-M-MPI-ESM-LR,historical,r1i1p1,RegCM4-6,v1,tas,ICTP-RegCM4-6
ICTP,MPI-M-MPI-ESM-LR,historical,r1i1p1,RegCM4-6,v1,tasmax,ICTP-RegCM4-6
ICTP,MPI-M-MPI-ESM-LR,historical,r1i1p1,RegCM4-6,v1,tasmin,ICTP-RegCM4-6
ICTP,MPI-M-MPI-ESM-LR,rcp26,r1i1p1,RegCM4-6,v1,pr,ICTP-RegCM4-6
ICTP,MPI-M-MPI-ESM-LR,rcp26,r1i1p1,RegCM4-6,v1,tas,ICTP-RegCM4-6
ICTP,MPI-M-MPI-ESM-LR,rcp26,r1i1p1,RegCM4-6,v1,tasmax,ICTP-RegCM4-6
ICTP,MPI-M-MPI-ESM-LR,rcp26,r1i1p1,RegCM4-6,v1,tasmin,ICTP-RegCM4-6
SMHI,MPI-M-MPI-ESM-LR,rcp85,r3i1p1,RCA4,v1,pr,SMHI-RCA4
SMHI,MPI-M-MPI-ESM-LR,historical,r3i1p1,RCA4,v1,tasmax,SMHI-RCA4
SMHI,MPI-M-MPI-ESM-LR,historical,r3i1p1,RCA4,v1,tasmin,SMHI-RCA4
SMHI,MPI-M-MPI-ESM-LR,historical,r3i1p1,RCA4,v1,tas,SMHI-RCA4
SMHI,MPI-M-MPI-ESM-LR,historical,r3i1p1,RCA4,v1,pr,SMHI-RCA4
SMHI,MPI-M-MPI-ESM-LR,rcp85,r3i1p1,RCA4,v1,tasmax,SMHI-RCA4
SMHI,MPI-M-MPI-ESM-LR,rcp85,r3i1p1,RCA4,v1,tasmin,SMHI-RCA4
SMHI,MPI-M-MPI-ESM-LR,rcp85,r3i1p1,RCA4,v1,tas,SMHI-RCA4
SMHI,MOHC-HadGEM2-ES,rcp26,r1i1p1,RCA4,v1,tasmin,SMHI-RCA4
SMHI,MOHC-HadGEM2-ES,rcp26,r1i1p1,RCA4,v1,pr,SMHI-RCA4
SMHI,MOHC-HadGEM2-ES,rcp26,r1i1p1,RCA4,v1,tasmax,SMHI-RCA4
SMHI,MOHC-HadGEM2-ES,rcp26,r1i1p1,RCA4,v1,tas,SMHI-RCA4
ICTP,MOHC-HadGEM2-ES,historical,r1i1p1,RegCM4-6,v1,pr,ICTP-RegCM4-6
ICTP,MOHC-HadGEM2-ES,historical,r1i1p1,RegCM4-6,v1,tas,ICTP-RegCM4-6
ICTP,MOHC-HadGEM2-ES,historical,r1i1p1,RegCM4-6,v1,tasmax,ICTP-RegCM4-6
ICTP,MOHC-HadGEM2-ES,historical,r1i1p1,RegCM4-6,v1,tasmin,ICTP-RegCM4-6
ICTP,ICHEC-EC-EARTH,rcp85,r12i1p1,RegCM4-6,v1,tas,ICTP-RegCM4-6
ICTP,ICHEC-EC-EARTH,rcp85,r12i1p1,RegCM4-6,v1,tasmax,ICTP-RegCM4-6
ICTP,ICHEC-EC-EARTH,rcp85,r12i1p1,RegCM4-6,v1,tasmin,ICTP-RegCM4-6
ICTP,ICHEC-EC-EARTH,historical,r12i1p1,RegCM4-6,v1,pr,ICTP-RegCM4-6
ICTP,ICHEC-EC-EARTH,historical,r12i1p1,RegCM4-6,v1,tas,ICTP-RegCM4-6
ICTP,ICHEC-EC-EARTH,historical,r12i1p1,RegCM4-6,v1,tasmax,ICTP-RegCM4-6
ICTP,ICHEC-EC-EARTH,historical,r12i1p1,RegCM4-6,v1,tasmin,ICTP-RegCM4-6
ICTP,ICHEC-EC-EARTH,rcp85,r12i1p1,RegCM4-6,v1,pr,ICTP-RegCM4-6
ICTP,NCC-NorESM1-M,rcp85,r1i1p1,RegCM4-6,v1,pr,ICTP-RegCM4-6
ICTP,NCC-NorESM1-M,rcp85,r1i1p1,RegCM4-6,v1,tas,ICTP-RegCM4-6
ICTP,NCC-NorESM1-M,rcp85,r1i1p1,RegCM4-6,v1,tasmax,ICTP-RegCM4-6
ICTP,NCC-NorESM1-M,rcp85,r1i1p1,RegCM4-6,v1,tasmin,ICTP-RegCM4-6
ICTP,NCC-NorESM1-M,historical,r1i1p1,RegCM4-6,v1,pr,ICTP-RegCM4-6
ICTP,MPI-M-MPI-ESM-LR,rcp85,r1i1p1,RegCM4-6,v1,pr,ICTP-RegCM4-6
ICTP,MPI-M-MPI-ESM-LR,rcp85,r1i1p1,RegCM4-6,v1,tas,ICTP-RegCM4-6
ICTP,MPI-M-MPI-ESM-LR,rcp85,r1i1p1,RegCM4-6,v1,tasmax,ICTP-RegCM4-6
ICTP,MPI-M-MPI-ESM-LR,rcp85,r1i1p1,RegCM4-6,v1,tasmin,ICTP-RegCM4-6
ICTP,CNRM-CERFACS-CNRM-CM5,historical,r1i1p1,RegCM4-6,v2,tas,ICTP-RegCM4-6
ICTP,CNRM-CERFACS-CNRM-CM5,historical,r1i1p1,RegCM4-6,v2,tasmax,ICTP-RegCM4-6
ICTP,CNRM-CERFACS-CNRM-CM5,historical,r1i1p1,RegCM4-6,v2,tasmin,ICTP-RegCM4-6
ICTP,CNRM-CERFACS-CNRM-CM5,historical,r1i1p1,RegCM4-6,v2,pr,ICTP-RegCM4-6
ICTP,MOHC-HadGEM2-ES,rcp26,r1i1p1,RegCM4-6,v1,pr,ICTP-RegCM4-6
ICTP,MOHC-HadGEM2-ES,rcp26,r1i1p1,RegCM4-6,v1,tas,ICTP-RegCM4-6
ICTP,MOHC-HadGEM2-ES,rcp26,r1i1p1,RegCM4-6,v1,tasmax,ICTP-RegCM4-6
ICTP,MOHC-HadGEM2-ES,rcp26,r1i1p1,RegCM4-6,v1,tasmin,ICTP-RegCM4-6
ICTP,MOHC-HadGEM2-ES,rcp85,r1i1p1,RegCM4-6,v1,pr,ICTP-RegCM4-6
ICTP,MOHC-HadGEM2-ES,rcp85,r1i1p1,RegCM4-6,v1,tas,ICTP-RegCM4-6
ICTP,MOHC-HadGEM2-ES,rcp85,r1i1p1,RegCM4-6,v1,tasmax,ICTP-RegCM4-6
ICTP,MOHC-HadGEM2-ES,rcp85,r1i1p1,RegCM4-6,v1,tasmin,ICTP-RegCM4-6
KNMI,MOHC-HadGEM2-ES,rcp26,r1i1p1,RACMO22E,v2,pr,KNMI-RACMO22E
KNMI,MOHC-HadGEM2-ES,rcp26,r1i1p1,RACMO22E,v2,tasmax,KNMI-RACMO22E
KNMI,MOHC-HadGEM2-ES,rcp26,r1i1p1,RACMO22E,v2,tasmin,KNMI-RACMO22E
KNMI,MOHC-HadGEM2-ES,rcp26,r1i1p1,RACMO22E,v2,tas,KNMI-RACMO22E
KNMI,ICHEC-EC-EARTH,rcp26,r12i1p1,RACMO22E,v1,tasmax,KNMI-RACMO22E
KNMI,ICHEC-EC-EARTH,rcp26,r12i1p1,RACMO22E,v1,pr,KNMI-RACMO22E
KNMI,ICHEC-EC-EARTH,rcp26,r12i1p1,RACMO22E,v1,tas,KNMI-RACMO22E
KNMI,ICHEC-EC-EARTH,rcp26,r12i1p1,RACMO22E,v1,tasmin,KNMI-RACMO22E
RMIB-UGent,CNRM-CERFACS-CNRM-CM5,rcp45,r1i1p1,ALARO-0,v1,tas,RMIB-UGent-ALARO-0
RMIB-UGent,CNRM-CERFACS-CNRM-CM5,historical,r1i1p1,ALARO-0,v1,tas,RMIB-UGent-ALARO-0
RMIB-UGent,CNRM-CERFACS-CNRM-CM5,rcp85,r1i1p1,ALARO-0,v1,pr,RMIB-UGent-ALARO-0
RMIB-UGent,CNRM-CERFACS-CNRM-CM5,historical,r1i1p1,ALARO-0,v1,pr,RMIB-UGent-ALARO-0
RMIB-UGent,CNRM-CERFACS-CNRM-CM5,rcp85,r1i1p1,ALARO-0,v1,tas,RMIB-UGent-ALARO-0
RMIB-UGent,CNRM-CERFACS-CNRM-CM5,rcp26,r1i1p1,ALARO-0,v1,tas,RMIB-UGent-ALARO-0
RMIB-UGent,CNRM-CERFACS-CNRM-CM5,rcp45,r1i1p1,ALARO-0,v1,pr,RMIB-UGent-ALARO-0
RMIB-UGent,CNRM-CERFACS-CNRM-CM5,rcp26,r1i1p1,ALARO-0,v1,pr,RMIB-UGent-ALARO-0
KNMI,ICHEC-EC-EARTH,historical,r12i1p1,RACMO22E,v1,tasmin,KNMI-RACMO22E
KNMI,ICHEC-EC-EARTH,historical,r12i1p1,RACMO22E,v1,pr,KNMI-RACMO22E
KNMI,ICHEC-EC-EARTH,historical,r12i1p1,RACMO22E,v1,tasmax,KNMI-RACMO22E
KNMI,ICHEC-EC-EARTH,historical,r12i1p1,RACMO22E,v1,tas,KNMI-RACMO22E
CLMcom,ICHEC-EC-EARTH,rcp26,r12i1p1,CCLM4-8-17,v1,tasmax,CLMcom-CCLM4-8-17
CLMcom,ICHEC-EC-EARTH,rcp26,r12i1p1,CCLM4-8-17,v1,pr,CLMcom-CCLM4-8-17
CLMcom,ICHEC-EC-EARTH,rcp26,r12i1p1,CCLM4-8-17,v1,tasmin,CLMcom-CCLM4-8-17
CLMcom,ICHEC-EC-EARTH,rcp26,r12i1p1,CCLM4-8-17,v1,tas,CLMcom-CCLM4-8-17
KNMI,ICHEC-EC-EARTH,rcp85,r12i1p1,RACMO22E,v1,tasmin,KNMI-RACMO22E
KNMI,ICHEC-EC-EARTH,rcp85,r12i1p1,RACMO22E,v1,tas,KNMI-RACMO22E
KNMI,ICHEC-EC-EARTH,rcp85,r12i1p1,RACMO22E,v1,pr,KNMI-RACMO22E
KNMI,ICHEC-EC-EARTH,rcp85,r12i1p1,RACMO22E,v1,tasmax,KNMI-RACMO22E
KNMI,ICHEC-EC-EARTH,rcp45,r12i1p1,RACMO22E,v1,tas,KNMI-RACMO22E
KNMI,ICHEC-EC-EARTH,rcp45,r12i1p1,RACMO22E,v1,tasmax,KNMI-RACMO22E
KNMI,ICHEC-EC-EARTH,rcp45,r12i1p1,RACMO22E,v1,pr,KNMI-RACMO22E
KNMI,ICHEC-EC-EARTH,rcp45,r12i1p1,RACMO22E,v1,tasmin,KNMI-RACMO22E
GERICS,IPSL-IPSL-CM5A-LR,historical,r1i1p1,REMO2015,v1,tasmax,GERICS-REMO2015
GERICS,NOAA-GFDL-GFDL-ESM2G,historical,r1i1p1,REMO2015,v1,tasmax,GERICS-REMO2015
GERICS,MIROC-MIROC5,rcp26,r1i1p1,REMO2015,v1,tas,GERICS-REMO2015
GERICS,MOHC-HadGEM2-ES,rcp26,r1i1p1,REMO2015,v1,tasmin,GERICS-REMO2015
GERICS,NOAA-GFDL-GFDL-ESM2G,historical,r1i1p1,REMO2015,v1,tas,GERICS-REMO2015
GERICS,IPSL-IPSL-CM5A-LR,rcp26,r1i1p1,REMO2015,v1,tas,GERICS-REMO2015
GERICS,MIROC-MIROC5,rcp26,r1i1p1,REMO2015,v1,tasmax,GERICS-REMO2015
GERICS,ICHEC-EC-EARTH,rcp26,r12i1p1,REMO2015,v1,pr,GERICS-REMO2015
GERICS,NCC-NorESM1-M,historical,r1i1p1,REMO2015,v1,pr,GERICS-REMO2015
GERICS,NCC-NorESM1-M,historical,r1i1p1,REMO2015,v1,tasmax,GERICS-REMO2015
GERICS,NCC-NorESM1-M,historical,r1i1p1,REMO2015,v1,tasmin,GERICS-REMO2015
GERICS,NCC-NorESM1-M,historical,r1i1p1,REMO2015,v1,tas,GERICS-REMO2015
CLMcom,MIROC-MIROC5,rcp26,r1i1p1,CCLM4-8-17,v1,tas,CLMcom-CCLM4-8-17
CLMcom,MIROC-MIROC5,rcp26,r1i1p1,CCLM4-8-17,v1,tasmax,CLMcom-CCLM4-8-17
CLMcom,MIROC-MIROC5,rcp26,r1i1p1,CCLM4-8-17,v1,tasmin,CLMcom-CCLM4-8-17
CLMcom,MIROC-MIROC5,rcp26,r1i1p1,CCLM4-8-17,v1,pr,CLMcom-CCLM4-8-17
GERICS,IPSL-IPSL-CM5A-LR,historical,r1i1p1,REMO2015,v1,tasmin,GERICS-REMO2015
GERICS,IPSL-IPSL-CM5A-LR,historical,r1i1p1,REMO2015,v1,tas,GERICS-REMO2015
GERICS,NOAA-GFDL-GFDL-ESM2G,rcp26,r1i1p1,REMO2015,v1,tas,GERICS-REMO2015
GERICS,NOAA-GFDL-GFDL-ESM2G,rcp26,r1i1p1,REMO2015,v1,tasmin,GERICS-REMO2015
GERICS,IPSL-IPSL-CM5A-LR,rcp26,r1i1p1,REMO2015,v1,tasmin,GERICS-REMO2015
GERICS,NOAA-GFDL-GFDL-ESM2G,historical,r1i1p1,REMO2015,v1,tasmin,GERICS-REMO2015
GERICS,MIROC-MIROC5,rcp26,r1i1p1,REMO2015,v1,pr,GERICS-REMO2015
GERICS,ICHEC-EC-EARTH,rcp26,r12i1p1,REMO2015,v1,tas,GERICS-REMO2015
GERICS,NOAA-GFDL-GFDL-ESM2G,historical,r1i1p1,REMO2015,v1,pr,GERICS-REMO2015
GERICS,MIROC-MIROC5,rcp26,r1i1p1,REMO2015,v1,tasmin,GERICS-REMO2015
GERICS,NOAA-GFDL-GFDL-ESM2G,rcp26,r1i1p1,REMO2015,v1,tasmax,GERICS-REMO2015
GERICS,IPSL-IPSL-CM5A-LR,rcp26,r1i1p1,REMO2015,v1,pr,GERICS-REMO2015
GERICS,MOHC-HadGEM2-ES,rcp26,r1i1p1,REMO2015,v1,tas,GERICS-REMO2015
GERICS,IPSL-IPSL-CM5A-LR,rcp26,r1i1p1,REMO2015,v1,tasmax,GERICS-REMO2015
GERICS,ICHEC-EC-EARTH,rcp26,r12i1p1,REMO2015,v1,tasmax,GERICS-REMO2015
GERICS,NOAA-GFDL-GFDL-ESM2G,rcp26,r1i1p1,REMO2015,v1,pr,GERICS-REMO2015
GERICS,ICHEC-EC-EARTH,rcp26,r12i1p1,REMO2015,v1,tasmin,GERICS-REMO2015
GERICS,MOHC-HadGEM2-ES,rcp26,r1i1p1,REMO2015,v1,tasmax,GERICS-REMO2015
GERICS,IPSL-IPSL-CM5A-LR,historical,r1i1p1,REMO2015,v1,pr,GERICS-REMO2015
GERICS,MOHC-HadGEM2-ES,rcp26,r1i1p1,REMO2015,v1,pr,GERICS-REMO2015
DMI,ICHEC-EC-EARTH,rcp85,r12i1p1,HIRHAM5,v1,pr,DMI-HIRHAM5
DMI,ICHEC-EC-EARTH,historical,r12i1p1,HIRHAM5,v1,tasmax,DMI-HIRHAM5
DMI,ICHEC-EC-EARTH,rcp85,r12i1p1,HIRHAM5,v1,tasmax,DMI-HIRHAM5
DMI,ICHEC-EC-EARTH,rcp85,r12i1p1,HIRHAM5,v1,tas,DMI-HIRHAM5
DMI,ICHEC-EC-EARTH,rcp85,r12i1p1,HIRHAM5,v1,tasmin,DMI-HIRHAM5
DMI,ICHEC-EC-EARTH,historical,r12i1p1,HIRHAM5,v1,pr,DMI-HIRHAM5
DMI,ICHEC-EC-EARTH,historical,r12i1p1,HIRHAM5,v1,tas,DMI-HIRHAM5
DMI,ICHEC-EC-EARTH,historical,r12i1p1,HIRHAM5,v1,tasmin,DMI-HIRHAM5
GERICS,NCC-NorESM1-M,rcp85,r1i1p1,REMO2015,v1,pr,GERICS-REMO2015
GERICS,NCC-NorESM1-M,rcp85,r1i1p1,REMO2015,v1,tasmin,GERICS-REMO2015
KNMI,CNRM-CERFACS-CNRM-CM5,rcp85,r1i1p1,RACMO22E,v2,tasmin,KNMI-RACMO22E
KNMI,CNRM-CERFACS-CNRM-CM5,rcp85,r1i1p1,RACMO22E,v2,tas,KNMI-RACMO22E
KNMI,CNRM-CERFACS-CNRM-CM5,historical,r1i1p1,RACMO22E,v2,tas,KNMI-RACMO22E
GERICS,NCC-NorESM1-M,rcp85,r1i1p1,REMO2015,v1,tas,GERICS-REMO2015
GERICS,NCC-NorESM1-M,rcp85,r1i1p1,REMO2015,v1,tasmax,GERICS-REMO2015
KNMI,CNRM-CERFACS-CNRM-CM5,historical,r1i1p1,RACMO22E,v2,pr,KNMI-RACMO22E
KNMI,CNRM-CERFACS-CNRM-CM5,rcp85,r1i1p1,RACMO22E,v2,pr,KNMI-RACMO22E
KNMI,CNRM-CERFACS-CNRM-CM5,historical,r1i1p1,RACMO22E,v2,tasmax,KNMI-RACMO22E
KNMI,MPI-M-MPI-ESM-LR,historical,r1i1p1,RACMO22E,v1,pr,KNMI-RACMO22E
DMI,ICHEC-EC-EARTH,rcp26,r3i1p1,HIRHAM5,v2,tas,DMI-HIRHAM5
KNMI,MPI-M-MPI-ESM-LR,historical,r1i1p1,RACMO22E,v1,tasmax,KNMI-RACMO22E
KNMI,MPI-M-MPI-ESM-LR,historical,r1i1p1,RACMO22E,v1,tasmin,KNMI-RACMO22E
KNMI,MPI-M-MPI-ESM-LR,rcp85,r1i1p1,RACMO22E,v1,tas,KNMI-RACMO22E
DMI,ICHEC-EC-EARTH,rcp26,r3i1p1,HIRHAM5,v2,tasmax,DMI-HIRHAM5
KNMI,MPI-M-MPI-ESM-LR,rcp85,r1i1p1,RACMO22E,v1,tasmax,KNMI-RACMO22E
KNMI,MPI-M-MPI-ESM-LR,rcp85,r1i1p1,RACMO22E,v1,tasmin,KNMI-RACMO22E
DMI,ICHEC-EC-EARTH,rcp26,r3i1p1,HIRHAM5,v2,tasmin,DMI-HIRHAM5
KNMI,MPI-M-MPI-ESM-LR,historical,r1i1p1,RACMO22E,v1,tas,KNMI-RACMO22E
DMI,ICHEC-EC-EARTH,rcp26,r3i1p1,HIRHAM5,v2,pr,DMI-HIRHAM5
KNMI,MPI-M-MPI-ESM-LR,rcp85,r1i1p1,RACMO22E,v1,pr,KNMI-RACMO22E
DMI,NCC-NorESM1-M,rcp85,r1i1p1,HIRHAM5,v3,tasmin,DMI-HIRHAM5
DMI,NCC-NorESM1-M,historical,r1i1p1,HIRHAM5,v3,tas,DMI-HIRHAM5
DMI,MOHC-HadGEM2-ES,rcp85,r1i1p1,HIRHAM5,v2,tasmin,DMI-HIRHAM5
DMI,NCC-NorESM1-M,rcp85,r1i1p1,HIRHAM5,v3,tasmax,DMI-HIRHAM5
DMI,NCC-NorESM1-M,rcp45,r1i1p1,HIRHAM5,v3,tas,DMI-HIRHAM5
DMI,NCC-NorESM1-M,rcp85,r1i1p1,HIRHAM5,v3,pr,DMI-HIRHAM5
DMI,MOHC-HadGEM2-ES,historical,r1i1p1,HIRHAM5,v2,tasmax,DMI-HIRHAM5
KNMI,CNRM-CERFACS-CNRM-CM5,rcp45,r1i1p1,RACMO22E,v2,tasmax,KNMI-RACMO22E
KNMI,CNRM-CERFACS-CNRM-CM5,rcp45,r1i1p1,RACMO22E,v2,tasmin,KNMI-RACMO22E
KNMI,CNRM-CERFACS-CNRM-CM5,rcp45,r1i1p1,RACMO22E,v2,tas,KNMI-RACMO22E
DMI,MOHC-HadGEM2-ES,rcp85,r1i1p1,HIRHAM5,v2,tasmax,DMI-HIRHAM5
DMI,MOHC-HadGEM2-ES,rcp85,r1i1p1,HIRHAM5,v2,tas,DMI-HIRHAM5
DMI,MOHC-HadGEM2-ES,historical,r1i1p1,HIRHAM5,v2,pr,DMI-HIRHAM5
DMI,MOHC-HadGEM2-ES,historical,r1i1p1,HIRHAM5,v2,tasmin,DMI-HIRHAM5
DMI,NCC-NorESM1-M,historical,r1i1p1,HIRHAM5,v3,tasmin,DMI-HIRHAM5
DMI,NCC-NorESM1-M,rcp45,r1i1p1,HIRHAM5,v3,tasmin,DMI-HIRHAM5
DMI,NCC-NorESM1-M,historical,r1i1p1,HIRHAM5,v3,tasmax,DMI-HIRHAM5
KNMI,CNRM-CERFACS-CNRM-CM5,rcp45,r1i1p1,RACMO22E,v2,pr,KNMI-RACMO22E
DMI,NCC-NorESM1-M,rcp45,r1i1p1,HIRHAM5,v3,pr,DMI-HIRHAM5
DMI,MOHC-HadGEM2-ES,historical,r1i1p1,HIRHAM5,v2,tas,DMI-HIRHAM5
DMI,NCC-NorESM1-M,rcp45,r1i1p1,HIRHAM5,v3,tasmax,DMI-HIRHAM5
DMI,NCC-NorESM1-M,historical,r1i1p1,HIRHAM5,v3,pr,DMI-HIRHAM5
DMI,MOHC-HadGEM2-ES,rcp85,r1i1p1,HIRHAM5,v2,pr,DMI-HIRHAM5
DMI,NCC-NorESM1-M,rcp85,r1i1p1,HIRHAM5,v3,tas,DMI-HIRHAM5
CLMcom-ETH,ICHEC-EC-EARTH,historical,r12i1p1,COSMO-crCLIM-v1-1,v1,tasmax,CLMcom-ETH-COSMO-crCLIM-v1-1
CLMcom-ETH,ICHEC-EC-EARTH,historical,r12i1p1,COSMO-crCLIM-v1-1,v1,tasmin,CLMcom-ETH-COSMO-crCLIM-v1-1
CLMcom-ETH,ICHEC-EC-EARTH,historical,r12i1p1,COSMO-crCLIM-v1-1,v1,tas,CLMcom-ETH-COSMO-crCLIM-v1-1
CLMcom-ETH,NCC-NorESM1-M,historical,r1i1p1,COSMO-crCLIM-v1-1,v1,tasmin,CLMcom-ETH-COSMO-crCLIM-v1-1
CLMcom-ETH,NCC-NorESM1-M,historical,r1i1p1,COSMO-crCLIM-v1-1,v1,pr,CLMcom-ETH-COSMO-crCLIM-v1-1
CLMcom-ETH,ICHEC-EC-EARTH,historical,r12i1p1,COSMO-crCLIM-v1-1,v1,pr,CLMcom-ETH-COSMO-crCLIM-v1-1
CLMcom-ETH,NCC-NorESM1-M,historical,r1i1p1,COSMO-crCLIM-v1-1,v1,tasmax,CLMcom-ETH-COSMO-crCLIM-v1-1
CLMcom-ETH,NCC-NorESM1-M,historical,r1i1p1,COSMO-crCLIM-v1-1,v1,tas,CLMcom-ETH-COSMO-crCLIM-v1-1
KNMI,ICHEC-EC-EARTH,historical,r3i1p1,RACMO22E,v1,tasmax,KNMI-RACMO22E
KNMI,ICHEC-EC-EARTH,historical,r3i1p1,RACMO22E,v1,tasmin,KNMI-RACMO22E
KNMI,ICHEC-EC-EARTH,historical,r3i1p1,RACMO22E,v1,tas,KNMI-RACMO22E
DMI,ICHEC-EC-EARTH,rcp85,r1i1p1,HIRHAM5,v1,tas,DMI-HIRHAM5
DMI,ICHEC-EC-EARTH,historical,r1i1p1,HIRHAM5,v1,pr,DMI-HIRHAM5
KNMI,ICHEC-EC-EARTH,rcp85,r3i1p1,RACMO22E,v1,tasmax,KNMI-RACMO22E
KNMI,ICHEC-EC-EARTH,rcp85,r3i1p1,RACMO22E,v1,tas,KNMI-RACMO22E
DMI,ICHEC-EC-EARTH,rcp85,r1i1p1,HIRHAM5,v1,tasmin,DMI-HIRHAM5
KNMI,ICHEC-EC-EARTH,rcp85,r3i1p1,RACMO22E,v1,tasmin,KNMI-RACMO22E
DMI,ICHEC-EC-EARTH,historical,r1i1p1,HIRHAM5,v1,tasmin,DMI-HIRHAM5
DMI,ICHEC-EC-EARTH,historical,r1i1p1,HIRHAM5,v1,tas,DMI-HIRHAM5
DMI,ICHEC-EC-EARTH,rcp85,r1i1p1,HIRHAM5,v1,pr,DMI-HIRHAM5
DMI,ICHEC-EC-EARTH,rcp85,r1i1p1,HIRHAM5,v1,tasmax,DMI-HIRHAM5
KNMI,ICHEC-EC-EARTH,rcp85,r3i1p1,RACMO22E,v1,pr,KNMI-RACMO22E
KNMI,ICHEC-EC-EARTH,historical,r3i1p1,RACMO22E,v1,pr,KNMI-RACMO22E
DMI,ICHEC-EC-EARTH,historical,r1i1p1,HIRHAM5,v1,tasmax,DMI-HIRHAM5
KNMI,CNRM-CERFACS-CNRM-CM5,historical,r1i1p1,RACMO22E,v2,tasmin,KNMI-RACMO22E
KNMI,CNRM-CERFACS-CNRM-CM5,rcp85,r1i1p1,RACMO22E,v2,tasmax,KNMI-RACMO22E
DMI,CNRM-CERFACS-CNRM-CM5,rcp85,r1i1p1,HIRHAM5,v2,tasmax,DMI-HIRHAM5
DMI,CNRM-CERFACS-CNRM-CM5,historical,r1i1p1,HIRHAM5,v2,tasmin,DMI-HIRHAM5
DMI,CNRM-CERFACS-CNRM-CM5,rcp85,r1i1p1,HIRHAM5,v2,pr,DMI-HIRHAM5
DMI,CNRM-CERFACS-CNRM-CM5,historical,r1i1p1,HIRHAM5,v2,tasmax,DMI-HIRHAM5
DMI,CNRM-CERFACS-CNRM-CM5,rcp85,r1i1p1,HIRHAM5,v2,tasmin,DMI-HIRHAM5
DMI,CNRM-CERFACS-CNRM-CM5,historical,r1i1p1,HIRHAM5,v2,pr,DMI-HIRHAM5
DMI,CNRM-CERFACS-CNRM-CM5,rcp85,r1i1p1,HIRHAM5,v2,tas,DMI-HIRHAM5
DMI,CNRM-CERFACS-CNRM-CM5,historical,r1i1p1,HIRHAM5,v2,tas,DMI-HIRHAM5
KNMI,NCC-NorESM1-M,rcp85,r1i1p1,RACMO22E,v1,tasmin,KNMI-RACMO22E
KNMI,CNRM-CERFACS-CNRM-CM5,rcp26,r1i1p1,RACMO22E,v2,tasmax,KNMI-RACMO22E
KNMI,CNRM-CERFACS-CNRM-CM5,rcp26,r1i1p1,RACMO22E,v2,tasmin,KNMI-RACMO22E
KNMI,CNRM-CERFACS-CNRM-CM5,rcp26,r1i1p1,RACMO22E,v2,tas,KNMI-RACMO22E
KNMI,NCC-NorESM1-M,rcp85,r1i1p1,RACMO22E,v1,pr,KNMI-RACMO22E
KNMI,NCC-NorESM1-M,historical,r1i1p1,RACMO22E,v1,tasmax,KNMI-RACMO22E
KNMI,NCC-NorESM1-M,historical,r1i1p1,RACMO22E,v1,tasmin,KNMI-RACMO22E
KNMI,NCC-NorESM1-M,historical,r1i1p1,RACMO22E,v1,tas,KNMI-RACMO22E
KNMI,CNRM-CERFACS-CNRM-CM5,rcp26,r1i1p1,RACMO22E,v2,pr,KNMI-RACMO22E
KNMI,NCC-NorESM1-M,rcp85,r1i1p1,RACMO22E,v1,tasmax,KNMI-RACMO22E
KNMI,NCC-NorESM1-M,rcp85,r1i1p1,RACMO22E,v1,tas,KNMI-RACMO22E
KNMI,NCC-NorESM1-M,historical,r1i1p1,RACMO22E,v1,pr,KNMI-RACMO22E
GERICS,MPI-M-MPI-ESM-LR,rcp85,r3i1p1,REMO2015,v1,tasmax,GERICS-REMO2015
GERICS,MPI-M-MPI-ESM-LR,rcp85,r3i1p1,REMO2015,v1,tasmin,GERICS-REMO2015
GERICS,MPI-M-MPI-ESM-LR,rcp85,r3i1p1,REMO2015,v1,tas,GERICS-REMO2015
GERICS,MPI-M-MPI-ESM-LR,rcp85,r3i1p1,REMO2015,v1,pr,GERICS-REMO2015
GERICS,NCC-NorESM1-M,rcp26,r1i1p1,REMO2015,v1,tasmax,GERICS-REMO2015
GERICS,NCC-NorESM1-M,rcp26,r1i1p1,REMO2015,v1,tasmin,GERICS-REMO2015
GERICS,NCC-NorESM1-M,rcp26,r1i1p1,REMO2015,v1,tas,GERICS-REMO2015
GERICS,NCC-NorESM1-M,rcp26,r1i1p1,REMO2015,v1,pr,GERICS-REMO2015
GERICS,MPI-M-MPI-ESM-LR,historical,r3i1p1,REMO2015,v1,tasmax,GERICS-REMO2015
GERICS,MPI-M-MPI-ESM-LR,historical,r3i1p1,REMO2015,v1,tas,GERICS-REMO2015
GERICS,MPI-M-MPI-ESM-LR,historical,r3i1p1,REMO2015,v1,tasmin,GERICS-REMO2015
GERICS,MPI-M-MPI-ESM-LR,historical,r3i1p1,REMO2015,v1,pr,GERICS-REMO2015
CLMcom-ETH,NCC-NorESM1-M,rcp85,r1i1p1,COSMO-crCLIM-v1-1,v1,pr,CLMcom-ETH-COSMO-crCLIM-v1-1
CLMcom-ETH,NCC-NorESM1-M,rcp85,r1i1p1,COSMO-crCLIM-v1-1,v1,tasmax,CLMcom-ETH-COSMO-crCLIM-v1-1
CLMcom-ETH,NCC-NorESM1-M,rcp85,r1i1p1,COSMO-crCLIM-v1-1,v1,tasmin,CLMcom-ETH-COSMO-crCLIM-v1-1
CLMcom-ETH,NCC-NorESM1-M,rcp85,r1i1p1,COSMO-crCLIM-v1-1,v1,tas,CLMcom-ETH-COSMO-crCLIM-v1-1
CLMcom-ETH,MPI-M-MPI-ESM-LR,historical,r1i1p1,COSMO-crCLIM-v1-1,v1,tasmax,CLMcom-ETH-COSMO-crCLIM-v1-1
CLMcom-ETH,MPI-M-MPI-ESM-LR,historical,r1i1p1,COSMO-crCLIM-v1-1,v1,tas,CLMcom-ETH-COSMO-crCLIM-v1-1
CLMcom-ETH,MPI-M-MPI-ESM-LR,historical,r1i1p1,COSMO-crCLIM-v1-1,v1,tasmin,CLMcom-ETH-COSMO-crCLIM-v1-1
CLMcom-ETH,MPI-M-MPI-ESM-LR,historical,r1i1p1,COSMO-crCLIM-v1-1,v1,pr,CLMcom-ETH-COSMO-crCLIM-v1-1
CLMcom-ETH,MPI-M-MPI-ESM-LR,rcp85,r1i1p1,COSMO-crCLIM-v1-1,v1,pr,CLMcom-ETH-COSMO-crCLIM-v1-1
CLMcom-ETH,MPI-M-MPI-ESM-LR,rcp85,r1i1p1,COSMO-crCLIM-v1-1,v1,tasmax,CLMcom-ETH-COSMO-crCLIM-v1-1
CLMcom-ETH,MPI-M-MPI-ESM-LR,rcp85,r1i1p1,COSMO-crCLIM-v1-1,v1,tasmin,CLMcom-ETH-COSMO-crCLIM-v1-1
CLMcom-ETH,MPI-M-MPI-ESM-LR,rcp85,r1i1p1,COSMO-crCLIM-v1-1,v1,tas,CLMcom-ETH-COSMO-crCLIM-v1-1
DMI,MPI-M-MPI-ESM-LR,rcp85,r1i1p1,HIRHAM5,v1,tas,DMI-HIRHAM5
DMI,MPI-M-MPI-ESM-LR,historical,r1i1p1,HIRHAM5,v1,pr,DMI-HIRHAM5
DMI,MPI-M-MPI-ESM-LR,historical,r1i1p1,HIRHAM5,v1,tasmin,DMI-HIRHAM5
DMI,MPI-M-MPI-ESM-LR,rcp85,r1i1p1,HIRHAM5,v1,tasmin,DMI-HIRHAM5
DMI,MPI-M-MPI-ESM-LR,rcp85,r1i1p1,HIRHAM5,v1,tasmax,DMI-HIRHAM5
DMI,MPI-M-MPI-ESM-LR,historical,r1i1p1,HIRHAM5,v1,tasmax,DMI-HIRHAM5
DMI,MPI-M-MPI-ESM-LR,historical,r1i1p1,HIRHAM5,v1,tas,DMI-HIRHAM5
DMI,MPI-M-MPI-ESM-LR,rcp85,r1i1p1,HIRHAM5,v1,pr,DMI-HIRHAM5
DMI,MOHC-HadGEM2-ES,rcp45,r1i1p1,HIRHAM5,v2,tasmax,DMI-HIRHAM5
DMI,MOHC-HadGEM2-ES,rcp45,r1i1p1,HIRHAM5,v2,tas,DMI-HIRHAM5
DMI,MOHC-HadGEM2-ES,rcp45,r1i1p1,HIRHAM5,v2,tasmin,DMI-HIRHAM5
DMI,MOHC-HadGEM2-ES,rcp45,r1i1p1,HIRHAM5,v2,pr,DMI-HIRHAM5
CLMcom-ETH,MPI-M-MPI-ESM-LR,historical,r2i1p1,COSMO-crCLIM-v1-1,v1,tas,CLMcom-ETH-COSMO-crCLIM-v1-1
CLMcom-ETH,MPI-M-MPI-ESM-LR,historical,r2i1p1,COSMO-crCLIM-v1-1,v1,tasmax,CLMcom-ETH-COSMO-crCLIM-v1-1
CLMcom-ETH,MPI-M-MPI-ESM-LR,historical,r2i1p1,COSMO-crCLIM-v1-1,v1,tasmin,CLMcom-ETH-COSMO-crCLIM-v1-1
CLMcom-ETH,MPI-M-MPI-ESM-LR,historical,r2i1p1,COSMO-crCLIM-v1-1,v1,pr,CLMcom-ETH-COSMO-crCLIM-v1-1
CLMcom-ETH,MPI-M-MPI-ESM-LR,historical,r3i1p1,COSMO-crCLIM-v1-1,v1,pr,CLMcom-ETH-COSMO-crCLIM-v1-1
CLMcom-ETH,MPI-M-MPI-ESM-LR,historical,r3i1p1,COSMO-crCLIM-v1-1,v1,tas,CLMcom-ETH-COSMO-crCLIM-v1-1
CLMcom-ETH,MPI-M-MPI-ESM-LR,historical,r3i1p1,COSMO-crCLIM-v1-1,v1,tasmax,CLMcom-ETH-COSMO-crCLIM-v1-1
CLMcom-ETH,MPI-M-MPI-ESM-LR,historical,r3i1p1,COSMO-crCLIM-v1-1,v1,tasmin,CLMcom-ETH-COSMO-crCLIM-v1-1
CLMcom-ETH,MPI-M-MPI-ESM-LR,rcp85,r2i1p1,COSMO-crCLIM-v1-1,v1,pr,CLMcom-ETH-COSMO-crCLIM-v1-1
CLMcom-ETH,MPI-M-MPI-ESM-LR,rcp85,r2i1p1,COSMO-crCLIM-v1-1,v1,tas,CLMcom-ETH-COSMO-crCLIM-v1-1
CLMcom-ETH,MPI-M-MPI-ESM-LR,rcp85,r2i1p1,COSMO-crCLIM-v1-1,v1,tasmax,CLMcom-ETH-COSMO-crCLIM-v1-1
CLMcom-ETH,MPI-M-MPI-ESM-LR,rcp85,r2i1p1,COSMO-crCLIM-v1-1,v1,tasmin,CLMcom-ETH-COSMO-crCLIM-v1-1
CLMcom-ETH,MOHC-HadGEM2-ES,rcp85,r1i1p1,COSMO-crCLIM-v1-1,v1,tas,CLMcom-ETH-COSMO-crCLIM-v1-1
CLMcom-ETH,MOHC-HadGEM2-ES,rcp85,r1i1p1,COSMO-crCLIM-v1-1,v1,tasmax,CLMcom-ETH-COSMO-crCLIM-v1-1
CLMcom-ETH,MOHC-HadGEM2-ES,rcp85,r1i1p1,COSMO-crCLIM-v1-1,v1,tasmin,CLMcom-ETH-COSMO-crCLIM-v1-1
GERICS,CNRM-CERFACS-CNRM-CM5,rcp26,r1i1p1,REMO2015,v2,pr,GERICS-REMO2015
GERICS,CNRM-CERFACS-CNRM-CM5,rcp26,r1i1p1,REMO2015,v2,tasmin,GERICS-REMO2015
GERICS,CNRM-CERFACS-CNRM-CM5,rcp26,r1i1p1,REMO2015,v2,tas,GERICS-REMO2015
GERICS,CNRM-CERFACS-CNRM-CM5,rcp26,r1i1p1,REMO2015,v2,tasmax,GERICS-REMO2015
GERICS,CNRM-CERFACS-CNRM-CM5,rcp85,r1i1p1,REMO2015,v2,tasmin,GERICS-REMO2015
GERICS,CNRM-CERFACS-CNRM-CM5,rcp85,r1i1p1,REMO2015,v2,tas,GERICS-REMO2015
GERICS,CNRM-CERFACS-CNRM-CM5,rcp85,r1i1p1,REMO2015,v2,tasmax,GERICS-REMO2015
GERICS,IPSL-IPSL-CM5A-MR,rcp85,r1i1p1,REMO2015,v1,tasmax,GERICS-REMO2015
GERICS,IPSL-IPSL-CM5A-MR,rcp85,r1i1p1,REMO2015,v1,tasmin,GERICS-REMO2015
GERICS,IPSL-IPSL-CM5A-MR,rcp85,r1i1p1,REMO2015,v1,tas,GERICS-REMO2015
CLMcom-ETH,MOHC-HadGEM2-ES,rcp85,r1i1p1,COSMO-crCLIM-v1-1,v1,pr,CLMcom-ETH-COSMO-crCLIM-v1-1
GERICS,CNRM-CERFACS-CNRM-CM5,rcp85,r1i1p1,REMO2015,v2,pr,GERICS-REMO2015
GERICS,IPSL-IPSL-CM5A-MR,rcp85,r1i1p1,REMO2015,v1,pr,GERICS-REMO2015
DMI,MOHC-HadGEM2-ES,rcp26,r1i1p1,HIRHAM5,v2,pr,DMI-HIRHAM5
CLMcom-ETH,MPI-M-MPI-ESM-LR,rcp85,r3i1p1,COSMO-crCLIM-v1-1,v1,tasmax,CLMcom-ETH-COSMO-crCLIM-v1-1
CLMcom-ETH,MPI-M-MPI-ESM-LR,rcp85,r3i1p1,COSMO-crCLIM-v1-1,v1,tasmin,CLMcom-ETH-COSMO-crCLIM-v1-1
CLMcom-ETH,MPI-M-MPI-ESM-LR,rcp85,r3i1p1,COSMO-crCLIM-v1-1,v1,pr,CLMcom-ETH-COSMO-crCLIM-v1-1
CLMcom-ETH,MPI-M-MPI-ESM-LR,rcp85,r3i1p1,COSMO-crCLIM-v1-1,v1,tas,CLMcom-ETH-COSMO-crCLIM-v1-1
DMI,MOHC-HadGEM2-ES,rcp26,r1i1p1,HIRHAM5,v2,tasmin,DMI-HIRHAM5
DMI,MOHC-HadGEM2-ES,rcp26,r1i1p1,HIRHAM5,v2,tas,DMI-HIRHAM5
DMI,MOHC-HadGEM2-ES,rcp26,r1i1p1,HIRHAM5,v2,tasmax,DMI-HIRHAM5
KNMI,IPSL-IPSL-CM5A-MR,rcp85,r1i1p1,RACMO22E,v1,tas,KNMI-RACMO22E
KNMI,IPSL-IPSL-CM5A-MR,historical,r1i1p1,RACMO22E,v1,pr,KNMI-RACMO22E
KNMI,IPSL-IPSL-CM5A-MR,historical,r1i1p1,RACMO22E,v1,tasmax,KNMI-RACMO22E
KNMI,IPSL-IPSL-CM5A-MR,historical,r1i1p1,RACMO22E,v1,tasmin,KNMI-RACMO22E
KNMI,IPSL-IPSL-CM5A-MR,historical,r1i1p1,RACMO22E,v1,tas,KNMI-RACMO22E
KNMI,IPSL-IPSL-CM5A-MR,rcp85,r1i1p1,RACMO22E,v1,pr,KNMI-RACMO22E
KNMI,IPSL-IPSL-CM5A-MR,rcp85,r1i1p1,RACMO22E,v1,tasmax,KNMI-RACMO22E
KNMI,IPSL-IPSL-CM5A-MR,rcp85,r1i1p1,RACMO22E,v1,tasmin,KNMI-RACMO22E
CLMcom-ETH,MOHC-HadGEM2-ES,historical,r1i1p1,COSMO-crCLIM-v1-1,v1,tasmin,CLMcom-ETH-COSMO-crCLIM-v1-1
CLMcom-ETH,MOHC-HadGEM2-ES,historical,r1i1p1,COSMO-crCLIM-v1-1,v1,tas,CLMcom-ETH-COSMO-crCLIM-v1-1
CLMcom-ETH,MOHC-HadGEM2-ES,historical,r1i1p1,COSMO-crCLIM-v1-1,v1,tasmax,CLMcom-ETH-COSMO-crCLIM-v1-1
CLMcom-ETH,ICHEC-EC-EARTH,rcp85,r12i1p1,COSMO-crCLIM-v1-1,v1,tasmax,CLMcom-ETH-COSMO-crCLIM-v1-1
CLMcom-ETH,ICHEC-EC-EARTH,rcp85,r12i1p1,COSMO-crCLIM-v1-1,v1,tasmin,CLMcom-ETH-COSMO-crCLIM-v1-1
CLMcom-ETH,ICHEC-EC-EARTH,rcp85,r12i1p1,COSMO-crCLIM-v1-1,v1,tas,CLMcom-ETH-COSMO-crCLIM-v1-1
CLMcom-ETH,MOHC-HadGEM2-ES,historical,r1i1p1,COSMO-crCLIM-v1-1,v1,pr,CLMcom-ETH-COSMO-crCLIM-v1-1
CLMcom-ETH,ICHEC-EC-EARTH,rcp85,r12i1p1,COSMO-crCLIM-v1-1,v1,pr,CLMcom-ETH-COSMO-crCLIM-v1-1
KNMI,MPI-M-MPI-ESM-LR,rcp26,r1i1p1,RACMO22E,v1,pr,KNMI-RACMO22E
KNMI,MPI-M-MPI-ESM-LR,rcp26,r1i1p1,RACMO22E,v1,tas,KNMI-RACMO22E
KNMI,MPI-M-MPI-ESM-LR,rcp26,r1i1p1,RACMO22E,v1,tasmax,KNMI-RACMO22E
KNMI,MPI-M-MPI-ESM-LR,rcp26,r1i1p1,RACMO22E,v1,tasmin,KNMI-RACMO22E
GERICS,NCC-NorESM1-M,rcp45,r1i1p1,REMO2015,v1,pr,GERICS-REMO2015
GERICS,CNRM-CERFACS-CNRM-CM5,historical,r1i1p1,REMO2015,v2,pr,GERICS-REMO2015
GERICS,CNRM-CERFACS-CNRM-CM5,historical,r1i1p1,REMO2015,v2,tas,GERICS-REMO2015
GERICS,CNRM-CERFACS-CNRM-CM5,historical,r1i1p1,REMO2015,v2,tasmax,GERICS-REMO2015
GERICS,CNRM-CERFACS-CNRM-CM5,historical,r1i1p1,REMO2015,v2,tasmin,GERICS-REMO2015
GERICS,NCC-NorESM1-M,rcp45,r1i1p1,REMO2015,v1,tas,GERICS-REMO2015
GERICS,NCC-NorESM1-M,rcp45,r1i1p1,REMO2015,v1,tasmax,GERICS-REMO2015
GERICS,NCC-NorESM1-M,rcp45,r1i1p1,REMO2015,v1,tasmin,GERICS-REMO2015
GERICS,MOHC-HadGEM2-ES,rcp45,r1i1p1,REMO2015,v1,pr,GERICS-REMO2015
GERICS,IPSL-IPSL-CM5A-MR,historical,r1i1p1,REMO2015,v1,pr,GERICS-REMO2015
GERICS,IPSL-IPSL-CM5A-MR,historical,r1i1p1,REMO2015,v1,tas,GERICS-REMO2015
GERICS,IPSL-IPSL-CM5A-MR,historical,r1i1p1,REMO2015,v1,tasmax,GERICS-REMO2015
GERICS,IPSL-IPSL-CM5A-MR,historical,r1i1p1,REMO2015,v1,tasmin,GERICS-REMO2015
GERICS,MOHC-HadGEM2-ES,rcp45,r1i1p1,REMO2015,v1,tasmax,GERICS-REMO2015
GERICS,MOHC-HadGEM2-ES,rcp45,r1i1p1,REMO2015,v1,tasmin,GERICS-REMO2015
GERICS,MOHC-HadGEM2-ES,rcp45,r1i1p1,REMO2015,v1,tas,GERICS-REMO2015
KNMI,NCC-NorESM1-M,rcp26,r1i1p1,RACMO22E,v1,pr,KNMI-RACMO22E
KNMI,NCC-NorESM1-M,rcp26,r1i1p1,RACMO22E,v1,tasmin,KNMI-RACMO22E
KNMI,NCC-NorESM1-M,rcp26,r1i1p1,RACMO22E,v1,tas,KNMI-RACMO22E
KNMI,NCC-NorESM1-M,rcp26,r1i1p1,RACMO22E,v1,tasmax,KNMI-RACMO22E
CLMcom-ETH,ICHEC-EC-EARTH,historical,r3i1p1,COSMO-crCLIM-v1-1,v1,tasmax,CLMcom-ETH-COSMO-crCLIM-v1-1
CLMcom-ETH,ICHEC-EC-EARTH,historical,r3i1p1,COSMO-crCLIM-v1-1,v1,tasmin,CLMcom-ETH-COSMO-crCLIM-v1-1
CLMcom-ETH,ICHEC-EC-EARTH,historical,r3i1p1,COSMO-crCLIM-v1-1,v1,tas,CLMcom-ETH-COSMO-crCLIM-v1-1
CLMcom-ETH,ICHEC-EC-EARTH,historical,r3i1p1,COSMO-crCLIM-v1-1,v1,pr,CLMcom-ETH-COSMO-crCLIM-v1-1
DMI,IPSL-IPSL-CM5A-MR,historical,r1i1p1,HIRHAM5,v1,pr,DMI-HIRHAM5
DMI,IPSL-IPSL-CM5A-MR,historical,r1i1p1,HIRHAM5,v1,tas,DMI-HIRHAM5
DMI,IPSL-IPSL-CM5A-MR,historical,r1i1p1,HIRHAM5,v1,tasmax,DMI-HIRHAM5
DMI,IPSL-IPSL-CM5A-MR,historical,r1i1p1,HIRHAM5,v1,tasmin,DMI-HIRHAM5
DMI,IPSL-IPSL-CM5A-MR,rcp85,r1i1p1,HIRHAM5,v1,pr,DMI-HIRHAM5
DMI,IPSL-IPSL-CM5A-MR,rcp85,r1i1p1,HIRHAM5,v1,tas,DMI-HIRHAM5
DMI,IPSL-IPSL-CM5A-MR,rcp85,r1i1p1,HIRHAM5,v1,tasmax,DMI-HIRHAM5
DMI,IPSL-IPSL-CM5A-MR,rcp85,r1i1p1,HIRHAM5,v1,tasmin,DMI-HIRHAM5
CLMcom-ETH,CNRM-CERFACS-CNRM-CM5,historical,r1i1p1,COSMO-crCLIM-v1-1,v1,tas,CLMcom-ETH-COSMO-crCLIM-v1-1
CLMcom-ETH,CNRM-CERFACS-CNRM-CM5,historical,r1i1p1,COSMO-crCLIM-v1-1,v1,tasmax,CLMcom-ETH-COSMO-crCLIM-v1-1
CLMcom-ETH,CNRM-CERFACS-CNRM-CM5,historical,r1i1p1,COSMO-crCLIM-v1-1,v1,tasmin,CLMcom-ETH-COSMO-crCLIM-v1-1
CLMcom-ETH,CNRM-CERFACS-CNRM-CM5,historical,r1i1p1,COSMO-crCLIM-v1-1,v1,pr,CLMcom-ETH-COSMO-crCLIM-v1-1
CLMcom-ETH,ICHEC-EC-EARTH,historical,r1i1p1,COSMO-crCLIM-v1-1,v1,tas,CLMcom-ETH-COSMO-crCLIM-v1-1
CLMcom-ETH,ICHEC-EC-EARTH,historical,r1i1p1,COSMO-crCLIM-v1-1,v1,tasmax,CLMcom-ETH-COSMO-crCLIM-v1-1
CLMcom-ETH,ICHEC-EC-EARTH,historical,r1i1p1,COSMO-crCLIM-v1-1,v1,tasmin,CLMcom-ETH-COSMO-crCLIM-v1-1
CLMcom-ETH,ICHEC-EC-EARTH,historical,r1i1p1,COSMO-crCLIM-v1-1,v1,pr,CLMcom-ETH-COSMO-crCLIM-v1-1
CLMcom-ETH,ICHEC-EC-EARTH,rcp85,r3i1p1,COSMO-crCLIM-v1-1,v1,pr,CLMcom-ETH-COSMO-crCLIM-v1-1
CLMcom-ETH,ICHEC-EC-EARTH,rcp85,r1i1p1,COSMO-crCLIM-v1-1,v1,pr,CLMcom-ETH-COSMO-crCLIM-v1-1
CLMcom-ETH,ICHEC-EC-EARTH,rcp85,r1i1p1,COSMO-crCLIM-v1-1,v1,tas,CLMcom-ETH-COSMO-crCLIM-v1-1
CLMcom-ETH,ICHEC-EC-EARTH,rcp85,r1i1p1,COSMO-crCLIM-v1-1,v1,tasmax,CLMcom-ETH-COSMO-crCLIM-v1-1
CLMcom-ETH,ICHEC-EC-EARTH,rcp85,r1i1p1,COSMO-crCLIM-v1-1,v1,tasmin,CLMcom-ETH-COSMO-crCLIM-v1-1
CLMcom-ETH,ICHEC-EC-EARTH,rcp85,r3i1p1,COSMO-crCLIM-v1-1,v1,tasmin,CLMcom-ETH-COSMO-crCLIM-v1-1
CLMcom-ETH,ICHEC-EC-EARTH,rcp85,r3i1p1,COSMO-crCLIM-v1-1,v1,tas,CLMcom-ETH-COSMO-crCLIM-v1-1
CLMcom-ETH,ICHEC-EC-EARTH,rcp85,r3i1p1,COSMO-crCLIM-v1-1,v1,tasmax,CLMcom-ETH-COSMO-crCLIM-v1-1
CLMcom-ETH,CNRM-CERFACS-CNRM-CM5,rcp85,r1i1p1,COSMO-crCLIM-v1-1,v1,pr,CLMcom-ETH-COSMO-crCLIM-v1-1
CLMcom-ETH,CNRM-CERFACS-CNRM-CM5,rcp85,r1i1p1,COSMO-crCLIM-v1-1,v1,tasmax,CLMcom-ETH-COSMO-crCLIM-v1-1
CLMcom-ETH,CNRM-CERFACS-CNRM-CM5,rcp85,r1i1p1,COSMO-crCLIM-v1-1,v1,tasmin,CLMcom-ETH-COSMO-crCLIM-v1-1
CLMcom-ETH,CNRM-CERFACS-CNRM-CM5,rcp85,r1i1p1,COSMO-crCLIM-v1-1,v1,tas,CLMcom-ETH-COSMO-crCLIM-v1-1
MOHC,ICHEC-EC-EARTH,historical,r12i1p1,HadREM3-GA7-05,v1,pr,MOHC-HadREM3-GA7-05
MOHC,ICHEC-EC-EARTH,historical,r12i1p1,HadREM3-GA7-05,v1,tas,MOHC-HadREM3-GA7-05
MOHC,ICHEC-EC-EARTH,historical,r12i1p1,HadREM3-GA7-05,v1,tasmax,MOHC-HadREM3-GA7-05
MOHC,ICHEC-EC-EARTH,historical,r12i1p1,HadREM3-GA7-05,v1,tasmin,MOHC-HadREM3-GA7-05
MOHC,ICHEC-EC-EARTH,rcp26,r12i1p1,HadREM3-GA7-05,v1,pr,MOHC-HadREM3-GA7-05
MOHC,ICHEC-EC-EARTH,rcp26,r12i1p1,HadREM3-GA7-05,v1,tas,MOHC-HadREM3-GA7-05
MOHC,ICHEC-EC-EARTH,rcp26,r12i1p1,HadREM3-GA7-05,v1,tasmax,MOHC-HadREM3-GA7-05
MOHC,ICHEC-EC-EARTH,rcp26,r12i1p1,HadREM3-GA7-05,v1,tasmin,MOHC-HadREM3-GA7-05
MOHC,ICHEC-EC-EARTH,rcp85,r12i1p1,HadREM3-GA7-05,v1,pr,MOHC-HadREM3-GA7-05
MOHC,ICHEC-EC-EARTH,rcp85,r12i1p1,HadREM3-GA7-05,v1,tas,MOHC-HadREM3-GA7-05
MOHC,ICHEC-EC-EARTH,rcp85,r12i1p1,HadREM3-GA7-05,v1,tasmax,MOHC-HadREM3-GA7-05
MOHC,ICHEC-EC-EARTH,rcp85,r12i1p1,HadREM3-GA7-05,v1,tasmin,MOHC-HadREM3-GA7-05
MOHC,MOHC-HadGEM2-ES,historical,r1i1p1,HadREM3-GA7-05,v1,pr,MOHC-HadREM3-GA7-05
MOHC,MOHC-HadGEM2-ES,historical,r1i1p1,HadREM3-GA7-05,v1,tas,MOHC-HadREM3-GA7-05
MOHC,MOHC-HadGEM2-ES,historical,r1i1p1,HadREM3-GA7-05,v1,tasmax,MOHC-HadREM3-GA7-05
MOHC,MOHC-HadGEM2-ES,historical,r1i1p1,HadREM3-GA7-05,v1,tasmin,MOHC-HadREM3-GA7-05
MOHC,MOHC-HadGEM2-ES,rcp26,r1i1p1,HadREM3-GA7-05,v1,pr,MOHC-HadREM3-GA7-05
MOHC,MOHC-HadGEM2-ES,rcp26,r1i1p1,HadREM3-GA7-05,v1,tas,MOHC-HadREM3-GA7-05
MOHC,MOHC-HadGEM2-ES,rcp26,r1i1p1,HadREM3-GA7-05,v1,tasmax,MOHC-HadREM3-GA7-05
MOHC,MOHC-HadGEM2-ES,rcp26,r1i1p1,HadREM3-GA7-05,v1,tasmin,MOHC-HadREM3-GA7-05
MOHC,MOHC-HadGEM2-ES,rcp85,r1i1p1,HadREM3-GA7-05,v1,pr,MOHC-HadREM3-GA7-05
MOHC,CNRM-CERFACS-CNRM-CM5,historical,r1i1p1,HadREM3-GA7-05,v2,pr,MOHC-HadREM3-GA7-05
MOHC,CNRM-CERFACS-CNRM-CM5,historical,r1i1p1,HadREM3-GA7-05,v2,tas,MOHC-HadREM3-GA7-05
MOHC,CNRM-CERFACS-CNRM-CM5,historical,r1i1p1,HadREM3-GA7-05,v2,tasmax,MOHC-HadREM3-GA7-05
MOHC,CNRM-CERFACS-CNRM-CM5,historical,r1i1p1,HadREM3-GA7-05,v2,tasmin,MOHC-HadREM3-GA7-05
MOHC,CNRM-CERFACS-CNRM-CM5,rcp85,r1i1p1,HadREM3-GA7-05,v2,pr,MOHC-HadREM3-GA7-05
MOHC,CNRM-CERFACS-CNRM-CM5,rcp85,r1i1p1,HadREM3-GA7-05,v2,tas,MOHC-HadREM3-GA7-05
MOHC,CNRM-CERFACS-CNRM-CM5,rcp85,r1i1p1,HadREM3-GA7-05,v2,tasmax,MOHC-HadREM3-GA7-05
MOHC,CNRM-CERFACS-CNRM-CM5,rcp85,r1i1p1,HadREM3-GA7-05,v2,tasmin,MOHC-HadREM3-GA7-05
MOHC,MOHC-HadGEM2-ES,rcp85,r1i1p1,HadREM3-GA7-05,v1,tas,MOHC-HadREM3-GA7-05
MOHC,MOHC-HadGEM2-ES,rcp85,r1i1p1,HadREM3-GA7-05,v1,tasmax,MOHC-HadREM3-GA7-05
MOHC,MOHC-HadGEM2-ES,rcp85,r1i1p1,HadREM3-GA7-05,v1,tasmin,MOHC-HadREM3-GA7-05
MOHC,MPI-M-MPI-ESM-LR,historical,r1i1p1,HadREM3-GA7-05,v1,pr,MOHC-HadREM3-GA7-05
MOHC,MPI-M-MPI-ESM-LR,historical,r1i1p1,HadREM3-GA7-05,v1,tas,MOHC-HadREM3-GA7-05
MOHC,MPI-M-MPI-ESM-LR,historical,r1i1p1,HadREM3-GA7-05,v1,tasmax,MOHC-HadREM3-GA7-05
MOHC,MPI-M-MPI-ESM-LR,historical,r1i1p1,HadREM3-GA7-05,v1,tasmin,MOHC-HadREM3-GA7-05
MOHC,MPI-M-MPI-ESM-LR,rcp85,r1i1p1,HadREM3-GA7-05,v1,pr,MOHC-HadREM3-GA7-05
MOHC,MPI-M-MPI-ESM-LR,rcp85,r1i1p1,HadREM3-GA7-05,v1,tas,MOHC-HadREM3-GA7-05
MOHC,MPI-M-MPI-ESM-LR,rcp85,r1i1p1,HadREM3-GA7-05,v1,tasmax,MOHC-HadREM3-GA7-05
MOHC,MPI-M-MPI-ESM-LR,rcp85,r1i1p1,HadREM3-GA7-05,v1,tasmin,MOHC-HadREM3-GA7-05
MOHC,NCC-NorESM1-M,historical,r1i1p1,HadREM3-GA7-05,v1,pr,MOHC-HadREM3-GA7-05
MOHC,NCC-NorESM1-M,historical,r1i1p1,HadREM3-GA7-05,v1,tas,MOHC-HadREM3-GA7-05
MOHC,NCC-NorESM1-M,historical,r1i1p1,HadREM3-GA7-05,v1,tasmax,MOHC-HadREM3-GA7-05
MOHC,NCC-NorESM1-M,historical,r1i1p1,HadREM3-GA7-05,v1,tasmin,MOHC-HadREM3-GA7-05
MOHC,NCC-NorESM1-M,rcp85,r1i1p1,HadREM3-GA7-05,v1,pr,MOHC-HadREM3-GA7-05
MOHC,NCC-NorESM1-M,rcp85,r1i1p1,HadREM3-GA7-05,v1,tas,MOHC-HadREM3-GA7-05
MOHC,NCC-NorESM1-M,rcp85,r1i1p1,HadREM3-GA7-05,v1,tasmax,MOHC-HadREM3-GA7-05
MOHC,NCC-NorESM1-M,rcp85,r1i1p1,HadREM3-GA7-05,v1,tasmin,MOHC-HadREM3-GA7-05
CNRM,CNRM-CERFACS-CNRM-CM5,historical,r1i1p1,ALADIN63,v2,pr,CNRM-ALADIN63
CNRM,CNRM-CERFACS-CNRM-CM5,historical,r1i1p1,ALADIN63,v2,tasmax,CNRM-ALADIN63
CNRM,CNRM-CERFACS-CNRM-CM5,historical,r1i1p1,ALADIN63,v2,tasmin,CNRM-ALADIN63
CNRM,CNRM-CERFACS-CNRM-CM5,historical,r1i1p1,ALADIN63,v2,tas,CNRM-ALADIN63
CNRM,CNRM-CERFACS-CNRM-CM5,rcp26,r1i1p1,ALADIN63,v2,pr,CNRM-ALADIN63
CNRM,CNRM-CERFACS-CNRM-CM5,rcp26,r1i1p1,ALADIN63,v2,tasmax,CNRM-ALADIN63
CNRM,CNRM-CERFACS-CNRM-CM5,rcp26,r1i1p1,ALADIN63,v2,tasmin,CNRM-ALADIN63
CNRM,CNRM-CERFACS-CNRM-CM5,rcp26,r1i1p1,ALADIN63,v2,tas,CNRM-ALADIN63
CNRM,CNRM-CERFACS-CNRM-CM5,rcp45,r1i1p1,ALADIN63,v2,pr,CNRM-ALADIN63
CNRM,CNRM-CERFACS-CNRM-CM5,rcp45,r1i1p1,ALADIN63,v2,tasmax,CNRM-ALADIN63
CNRM,CNRM-CERFACS-CNRM-CM5,rcp45,r1i1p1,ALADIN63,v2,tasmin,CNRM-ALADIN63
CNRM,CNRM-CERFACS-CNRM-CM5,rcp45,r1i1p1,ALADIN63,v2,tas,CNRM-ALADIN63
CNRM,MOHC-HadGEM2-ES,rcp85,r1i1p1,ALADIN63,v1,pr,CNRM-ALADIN63
CNRM,MOHC-HadGEM2-ES,rcp85,r1i1p1,ALADIN63,v1,tasmin,CNRM-ALADIN63
CNRM,MOHC-HadGEM2-ES,rcp85,r1i1p1,ALADIN63,v1,tasmax,CNRM-ALADIN63
CNRM,MOHC-HadGEM2-ES,rcp85,r1i1p1,ALADIN63,v1,tas,CNRM-ALADIN63
IPSL,CNRM-CERFACS-CNRM-CM5,historical,r1i1p1,WRF381P,v2,pr,IPSL-WRF381P
IPSL,CNRM-CERFACS-CNRM-CM5,historical,r1i1p1,WRF381P,v2,tasmax,IPSL-WRF381P
IPSL,CNRM-CERFACS-CNRM-CM5,historical,r1i1p1,WRF381P,v2,tasmin,IPSL-WRF381P
IPSL,CNRM-CERFACS-CNRM-CM5,historical,r1i1p1,WRF381P,v2,tas,IPSL-WRF381P
IPSL,CNRM-CERFACS-CNRM-CM5,rcp85,r1i1p1,WRF381P,v2,pr,IPSL-WRF381P
IPSL,CNRM-CERFACS-CNRM-CM5,rcp85,r1i1p1,WRF381P,v2,tasmax,IPSL-WRF381P
IPSL,CNRM-CERFACS-CNRM-CM5,rcp85,r1i1p1,WRF381P,v2,tasmin,IPSL-WRF381P
IPSL,CNRM-CERFACS-CNRM-CM5,rcp85,r1i1p1,WRF381P,v2,tas,IPSL-WRF381P
IPSL,IPSL-IPSL-CM5A-MR,historical,r1i1p1,WRF381P,v1,tasmin,IPSL-WRF381P
IPSL,IPSL-IPSL-CM5A-MR,rcp45,r1i1p1,WRF381P,v1,pr,IPSL-WRF381P
IPSL,IPSL-IPSL-CM5A-MR,rcp45,r1i1p1,WRF381P,v1,tasmax,IPSL-WRF381P
IPSL,IPSL-IPSL-CM5A-MR,rcp45,r1i1p1,WRF381P,v1,tas,IPSL-WRF381P
IPSL,IPSL-IPSL-CM5A-MR,rcp85,r1i1p1,WRF381P,v1,tasmax,IPSL-WRF381P
IPSL,IPSL-IPSL-CM5A-MR,rcp85,r1i1p1,WRF381P,v1,tasmin,IPSL-WRF381P
IPSL,MOHC-HadGEM2-ES,historical,r1i1p1,WRF381P,v1,pr,IPSL-WRF381P
IPSL,MOHC-HadGEM2-ES,rcp85,r1i1p1,WRF381P,v1,pr,IPSL-WRF381P
IPSL,MOHC-HadGEM2-ES,rcp85,r1i1p1,WRF381P,v1,tas,IPSL-WRF381P
IPSL,NCC-NorESM1-M,historical,r1i1p1,WRF381P,v1,tasmax,IPSL-WRF381P
IPSL,NCC-NorESM1-M,historical,r1i1p1,WRF381P,v1,tasmin,IPSL-WRF381P
IPSL,NCC-NorESM1-M,rcp85,r1i1p1,WRF381P,v1,pr,IPSL-WRF381P
IPSL,NCC-NorESM1-M,rcp85,r1i1p1,WRF381P,v1,tasmax,IPSL-WRF381P
IPSL,NCC-NorESM1-M,rcp85,r1i1p1,WRF381P,v1,tasmin,IPSL-WRF381P
IPSL,NCC-NorESM1-M,rcp85,r1i1p1,WRF381P,v1,tas,IPSL-WRF381P
CNRM,MOHC-HadGEM2-ES,historical,r1i1p1,ALADIN63,v1,pr,CNRM-ALADIN63
CNRM,MOHC-HadGEM2-ES,historical,r1i1p1,ALADIN63,v1,tasmax,CNRM-ALADIN63
CNRM,MOHC-HadGEM2-ES,historical,r1i1p1,ALADIN63,v1,tasmin,CNRM-ALADIN63
CNRM,MOHC-HadGEM2-ES,historical,r1i1p1,ALADIN63,v1,tas,CNRM-ALADIN63
IPSL,IPSL-IPSL-CM5A-MR,historical,r1i1p1,WRF381P,v1,pr,IPSL-WRF381P
IPSL,IPSL-IPSL-CM5A-MR,historical,r1i1p1,WRF381P,v1,tasmax,IPSL-WRF381P
IPSL,IPSL-IPSL-CM5A-MR,historical,r1i1p1,WRF381P,v1,tas,IPSL-WRF381P
IPSL,IPSL-IPSL-CM5A-MR,rcp45,r1i1p1,WRF381P,v1,tasmin,IPSL-WRF381P
IPSL,IPSL-IPSL-CM5A-MR,rcp85,r1i1p1,WRF381P,v1,pr,IPSL-WRF381P
IPSL,IPSL-IPSL-CM5A-MR,rcp85,r1i1p1,WRF381P,v1,tas,IPSL-WRF381P
IPSL,MOHC-HadGEM2-ES,historical,r1i1p1,WRF381P,v1,tasmax,IPSL-WRF381P
IPSL,MOHC-HadGEM2-ES,historical,r1i1p1,WRF381P,v1,tasmin,IPSL-WRF381P
IPSL,MOHC-HadGEM2-ES,historical,r1i1p1,WRF381P,v1,tas,IPSL-WRF381P
IPSL,MOHC-HadGEM2-ES,rcp85,r1i1p1,WRF381P,v1,tasmax,IPSL-WRF381P
IPSL,MOHC-HadGEM2-ES,rcp85,r1i1p1,WRF381P,v1,tasmin,IPSL-WRF381P
IPSL,NCC-NorESM1-M,historical,r1i1p1,WRF381P,v1,pr,IPSL-WRF381P
IPSL,NCC-NorESM1-M,historical,r1i1p1,WRF381P,v1,tas,IPSL-WRF381P
CNRM,MPI-M-MPI-ESM-LR,rcp85,r1i1p1,ALADIN63,v1,pr,CNRM-ALADIN63
CNRM,MPI-M-MPI-ESM-LR,rcp85,r1i1p1,ALADIN63,v1,tas,CNRM-ALADIN63
CNRM,MPI-M-MPI-ESM-LR,rcp85,r1i1p1,ALADIN63,v1,tasmax,CNRM-ALADIN63
CNRM,MPI-M-MPI-ESM-LR,rcp85,r1i1p1,ALADIN63,v1,tasmin,CNRM-ALADIN63
IPSL,ICHEC-EC-EARTH,rcp85,r12i1p1,WRF381P,v1,pr,IPSL-WRF381P
IPSL,ICHEC-EC-EARTH,historical,r12i1p1,WRF381P,v1,tasmin,IPSL-WRF381P
IPSL,ICHEC-EC-EARTH,historical,r12i1p1,WRF381P,v1,tas,IPSL-WRF381P
IPSL,ICHEC-EC-EARTH,historical,r12i1p1,WRF381P,v1,tasmax,IPSL-WRF381P
IPSL,ICHEC-EC-EARTH,historical,r12i1p1,WRF381P,v1,pr,IPSL-WRF381P
IPSL,ICHEC-EC-EARTH,rcp85,r12i1p1,WRF381P,v1,tasmax,IPSL-WRF381P
IPSL,ICHEC-EC-EARTH,rcp85,r12i1p1,WRF381P,v1,tasmin,IPSL-WRF381P
IPSL,ICHEC-EC-EARTH,rcp85,r12i1p1,WRF381P,v1,tas,IPSL-WRF381P
CNRM,CNRM-CERFACS-CNRM-CM5,rcp85,r1i1p1,ALADIN63,v2,pr,CNRM-ALADIN63
CNRM,CNRM-CERFACS-CNRM-CM5,rcp85,r1i1p1,ALADIN63,v2,tas,CNRM-ALADIN63
CNRM,CNRM-CERFACS-CNRM-CM5,rcp85,r1i1p1,ALADIN63,v2,tasmax,CNRM-ALADIN63
CNRM,CNRM-CERFACS-CNRM-CM5,rcp85,r1i1p1,ALADIN63,v2,tasmin,CNRM-ALADIN63
IPSL,MPI-M-MPI-ESM-LR,historical,r1i1p1,WRF381P,v1,tas,IPSL-WRF381P
IPSL,MPI-M-MPI-ESM-LR,historical,r1i1p1,WRF381P,v1,tasmax,IPSL-WRF381P
IPSL,MPI-M-MPI-ESM-LR,historical,r1i1p1,WRF381P,v1,tasmin,IPSL-WRF381P
IPSL,MPI-M-MPI-ESM-LR,rcp85,r1i1p1,WRF381P,v1,pr,IPSL-WRF381P
IPSL,MPI-M-MPI-ESM-LR,rcp85,r1i1p1,WRF381P,v1,tas,IPSL-WRF381P
IPSL,MPI-M-MPI-ESM-LR,historical,r1i1p1,WRF381P,v1,pr,IPSL-WRF381P
IPSL,MPI-M-MPI-ESM-LR,rcp85,r1i1p1,WRF381P,v1,tasmax,IPSL-WRF381P
IPSL,MPI-M-MPI-ESM-LR,rcp85,r1i1p1,WRF381P,v1,tasmin,IPSL-WRF381P
CNRM,MPI-M-MPI-ESM-LR,historical,r1i1p1,ALADIN63,v1,pr,CNRM-ALADIN63
CNRM,MPI-M-MPI-ESM-LR,historical,r1i1p1,ALADIN63,v1,tas,CNRM-ALADIN63
CNRM,MPI-M-MPI-ESM-LR,historical,r1i1p1,ALADIN63,v1,tasmax,CNRM-ALADIN63
CNRM,MPI-M-MPI-ESM-LR,historical,r1i1p1,ALADIN63,v1,tasmin,CNRM-ALADIN63
CNRM,NCC-NorESM1-M,rcp85,r1i1p1,ALADIN63,v1,tas,CNRM-ALADIN63
CNRM,NCC-NorESM1-M,rcp85,r1i1p1,ALADIN63,v1,tasmax,CNRM-ALADIN63
CNRM,NCC-NorESM1-M,rcp85,r1i1p1,ALADIN63,v1,tasmin,CNRM-ALADIN63
CNRM,NCC-NorESM1-M,rcp85,r1i1p1,ALADIN63,v1,pr,CNRM-ALADIN63
CNRM,NCC-NorESM1-M,historical,r1i1p1,ALADIN63,v1,pr,CNRM-ALADIN63
CNRM,NCC-NorESM1-M,historical,r1i1p1,ALADIN63,v1,tas,CNRM-ALADIN63
CNRM,NCC-NorESM1-M,historical,r1i1p1,ALADIN63,v1,tasmax,CNRM-ALADIN63
CNRM,NCC-NorESM1-M,historical,r1i1p1,ALADIN63,v1,tasmin,CNRM-ALADIN63
