institute,gcm,experiment,ensemble,rcm_name,rcm_version,variable,institute_rcm
MPI-CSC,MPI-M-MPI-ESM-LR,rcp85,r1i1p1,REMO2009,v1-SMHI-DBS45-MESAN-1989-2010,tasmaxAdjust,MPI-CSC-REMO2009
MPI-CSC,MPI-M-MPI-ESM-LR,rcp85,r1i1p1,REMO2009,v1-SMHI-DBS45-MESAN-1989-2010,tasminAdjust,MPI-CSC-REMO2009
MPI-CSC,MPI-M-MPI-ESM-LR,rcp85,r1i1p1,REMO2009,v1-SMHI-DBS45-MESAN-1989-2010,tasAdjust,MPI-CSC-REMO2009
MPI-CSC,MPI-M-MPI-ESM-LR,rcp85,r1i1p1,REMO2009,v1-SMHI-DBS45-MESAN-1989-2010,prAdjust,MPI-CSC-REMO2009
MPI-CSC,MPI-M-MPI-ESM-LR,rcp26,r1i1p1,REMO2009,v1-SMHI-DBS45-MESAN-1989-2010,tasmaxAdjust,MPI-CSC-REMO2009
MPI-CSC,MPI-M-MPI-ESM-LR,rcp26,r1i1p1,REMO2009,v1-SMHI-DBS45-MESAN-1989-2010,tasminAdjust,MPI-CSC-REMO2009
MPI-CSC,MPI-M-MPI-ESM-LR,rcp26,r1i1p1,REMO2009,v1-SMHI-DBS45-MESAN-1989-2010,tasAdjust,MPI-CSC-REMO2009
MPI-CSC,MPI-M-MPI-ESM-LR,rcp26,r2i1p1,REMO2009,v1-SMHI-DBS45-MESAN-1989-2010,tasAdjust,MPI-CSC-REMO2009
MPI-CSC,MPI-M-MPI-ESM-LR,rcp26,r2i1p1,REMO2009,v1-SMHI-DBS45-MESAN-1989-2010,prAdjust,MPI-CSC-REMO2009
MPI-CSC,MPI-M-MPI-ESM-LR,rcp85,r2i1p1,REMO2009,v1-SMHI-DBS45-MESAN-1989-2010,tasmaxAdjust,MPI-CSC-REMO2009
MPI-CSC,MPI-M-MPI-ESM-LR,rcp85,r2i1p1,REMO2009,v1-SMHI-DBS45-MESAN-1989-2010,tasminAdjust,MPI-CSC-REMO2009
MPI-CSC,MPI-M-MPI-ESM-LR,rcp85,r2i1p1,REMO2009,v1-SMHI-DBS45-MESAN-1989-2010,tasAdjust,MPI-CSC-REMO2009
MPI-CSC,MPI-M-MPI-ESM-LR,rcp85,r2i1p1,REMO2009,v1-SMHI-DBS45-MESAN-1989-2010,prAdjust,MPI-CSC-REMO2009
MPI-CSC,MPI-M-MPI-ESM-LR,rcp26,r2i1p1,REMO2009,v1-SMHI-DBS45-MESAN-1989-2010,tasmaxAdjust,MPI-CSC-REMO2009
MPI-CSC,MPI-M-MPI-ESM-LR,rcp26,r2i1p1,REMO2009,v1-SMHI-DBS45-MESAN-1989-2010,tasminAdjust,MPI-CSC-REMO2009
MPI-CSC,MPI-M-MPI-ESM-LR,rcp45,r1i1p1,REMO2009,v1-SMHI-DBS45-MESAN-1989-2010,tasmaxAdjust,MPI-CSC-REMO2009
MPI-CSC,MPI-M-MPI-ESM-LR,rcp45,r1i1p1,REMO2009,v1-SMHI-DBS45-MESAN-1989-2010,tasAdjust,MPI-CSC-REMO2009
MPI-CSC,MPI-M-MPI-ESM-LR,rcp45,r1i1p1,REMO2009,v1-SMHI-DBS45-MESAN-1989-2010,prAdjust,MPI-CSC-REMO2009
MPI-CSC,MPI-M-MPI-ESM-LR,rcp45,r1i1p1,REMO2009,v1-SMHI-DBS45-MESAN-1989-2010,tasminAdjust,MPI-CSC-REMO2009
MPI-CSC,MPI-M-MPI-ESM-LR,rcp45,r2i1p1,REMO2009,v1-SMHI-DBS45-MESAN-1989-2010,tasmaxAdjust,MPI-CSC-REMO2009
MPI-CSC,MPI-M-MPI-ESM-LR,rcp45,r2i1p1,REMO2009,v1-SMHI-DBS45-MESAN-1989-2010,tasminAdjust,MPI-CSC-REMO2009
MPI-CSC,MPI-M-MPI-ESM-LR,rcp45,r2i1p1,REMO2009,v1-SMHI-DBS45-MESAN-1989-2010,tasAdjust,MPI-CSC-REMO2009
MPI-CSC,MPI-M-MPI-ESM-LR,rcp45,r2i1p1,REMO2009,v1-SMHI-DBS45-MESAN-1989-2010,prAdjust,MPI-CSC-REMO2009
MPI-CSC,MPI-M-MPI-ESM-LR,rcp26,r1i1p1,REMO2009,v1-SMHI-DBS45-MESAN-1989-2010,prAdjust,MPI-CSC-REMO2009
MPI-CSC,MPI-M-MPI-ESM-LR,rcp45,r1i1p1,REMO2009,v1-LSCE-IPSL-CDFt-EOBS10-1971-2005,tasmaxAdjust,MPI-CSC-REMO2009
MPI-CSC,MPI-M-MPI-ESM-LR,rcp45,r1i1p1,REMO2009,v1-LSCE-IPSL-CDFt-EOBS10-1971-2005,tasminAdjust,MPI-CSC-REMO2009
MPI-CSC,MPI-M-MPI-ESM-LR,rcp85,r1i1p1,REMO2009,v1-LSCE-IPSL-CDFt-EOBS10-1971-2005,tasAdjust,MPI-CSC-REMO2009
MPI-CSC,MPI-M-MPI-ESM-LR,rcp85,r1i1p1,REMO2009,v1-LSCE-IPSL-CDFt-EOBS10-1971-2005,tasmaxAdjust,MPI-CSC-REMO2009
MPI-CSC,MPI-M-MPI-ESM-LR,rcp85,r1i1p1,REMO2009,v1-LSCE-IPSL-CDFt-EOBS10-1971-2005,tasminAdjust,MPI-CSC-REMO2009
MPI-CSC,MPI-M-MPI-ESM-LR,rcp45,r1i1p1,REMO2009,v1-LSCE-IPSL-CDFt-EOBS10-1971-2005,prAdjust,MPI-CSC-REMO2009
MPI-CSC,MPI-M-MPI-ESM-LR,rcp45,r1i1p1,REMO2009,v1-LSCE-IPSL-CDFt-EOBS10-1971-2005,tasAdjust,MPI-CSC-REMO2009
MPI-CSC,MPI-M-MPI-ESM-LR,rcp45,r1i1p1,REMO2009,v1-IPSL-CDFT22-WFDEI-1979-2005,prAdjust,MPI-CSC-REMO2009
MPI-CSC,MPI-M-MPI-ESM-LR,rcp45,r1i1p1,REMO2009,v1-IPSL-CDFT22-WFDEI-1979-2005,tasAdjust,MPI-CSC-REMO2009
MPI-CSC,MPI-M-MPI-ESM-LR,rcp85,r1i1p1,REMO2009,v1-IPSL-CDFT21-WFDEI-1979-2005,prAdjust,MPI-CSC-REMO2009
MPI-CSC,MPI-M-MPI-ESM-LR,rcp85,r1i1p1,REMO2009,v1-IPSL-CDFT21-WFDEI-1979-2005,tasAdjust,MPI-CSC-REMO2009
MPI-CSC,MPI-M-MPI-ESM-LR,rcp85,r1i1p1,REMO2009,v1-IPSL-CDFT22-WFDEI-1979-2005,prAdjust,MPI-CSC-REMO2009
MPI-CSC,MPI-M-MPI-ESM-LR,rcp85,r1i1p1,REMO2009,v1-IPSL-CDFT22-WFDEI-1979-2005,tasAdjust,MPI-CSC-REMO2009
MPI-CSC,MPI-M-MPI-ESM-LR,rcp85,r1i1p1,REMO2009,v1-LSCE-IPSL-CDFt-EOBS10-1971-2005,prAdjust,MPI-CSC-REMO2009
MPI-CSC,MPI-M-MPI-ESM-LR,rcp45,r1i1p1,REMO2009,v1-IPSL-CDFT21-WFDEI-1979-2005,prAdjust,MPI-CSC-REMO2009
MPI-CSC,MPI-M-MPI-ESM-LR,rcp45,r1i1p1,REMO2009,v1-IPSL-CDFT21-WFDEI-1979-2005,tasAdjust,MPI-CSC-REMO2009
